,Tipo,Porcentaje
0,Positivos,88.13793103448276
1,Neutros,1.5862068965517242
2,Negativos,8.620689655172415
3,No respondieron,1.6551724137931034
