,Tipo,Porcentaje
0,Positivos,92.41379310344827
1,Negativos,7.586206896551724
